"","crim","zn","indus","chas","nox","rm","age","dis","rad","tax","ptratio","black","lstat","medv"
"1",-0.456188447044675,0.322420622381187,-1.28369897890707,-0.25240023455291,-0.166536697227231,0.439492419715144,-0.107574359765097,0.191843896869494,-0.987584242585827,-0.663064626559388,-1.46296906949456,0.432339217745916,-1.06616711027773,0.134216550116602
"2",-0.453333547162574,-0.471413516272679,-0.603516603013364,-0.25240023455291,-0.766774139139404,0.22072737207739,0.379392287073908,0.634572580159591,-0.87319622422719,-0.979146173529085,-0.301162572924664,0.432339217745916,-0.477580662054903,-0.12740751537898
"3",-0.45264532451353,-0.471413516272679,-1.30227538833274,-0.25240023455291,-0.862464166110909,1.04038602459028,-0.797147567697704,1.18733985991217,-0.758808205868553,-1.09621341314749,0.117087765840497,0.406122074409689,-1.35480084931007,1.15891080664097
"4",-0.447656390369868,-0.471413516272679,-1.30227538833274,-0.25240023455291,-0.862464166110909,1.25204831094109,-0.498569477665029,1.18733985991217,-0.758808205868553,-1.09621341314749,0.117087765840497,0.432339217745916,-1.0166466158359,1.46413888305248
"5",-0.445039512154927,0.0798601911258393,-0.489200237316943,-0.25240023455291,-0.288324004281875,-0.360278501194309,-0.0578113447596516,0.934099658787277,-0.53003216915128,-0.575264196845583,-1.50944132935735,0.417324994689927,-0.012088014301758,0.0143055200977938
"6",-0.426460220878367,0.0798601911258393,-0.489200237316943,-0.25240023455291,-0.288324004281875,0.158223072752317,0.926785452133812,1.33094527593774,-0.53003216915128,-0.575264196845583,-1.50944132935735,0.381752835449582,1.12263874405089,-0.846873695491831
"7",-0.44107067087052,0.0798601911258393,-0.489200237316943,-0.25240023455291,-0.288324004281875,-0.364540157966472,0.521572329946611,1.27037357146298,-0.53003216915128,-0.575264196845583,-1.50944132935735,0.432339217745916,0.106761172358619,-0.42173458906151
"8",-0.444292804181952,0.0798601911258393,-0.489200237316943,-0.25240023455291,-0.288324004281875,-0.535006428853034,-1.0388536405813,0.878777502033663,-0.53003216915128,-0.575264196845583,-1.50944132935735,0.358423042701045,0.451989762181621,-0.116506512649997
"9",-0.371392888088173,-0.471413516272679,-0.450618463894401,-0.25240023455291,-0.166536697227231,-0.449773293409754,-0.228427396206894,0.503535792812527,-0.644420187509917,-0.598677644769264,1.1859497426848,0.432339217745916,-0.602089333794346,-0.258219548126771
"10",-0.370277586562054,-0.471413516272679,-0.450618463894401,-0.25240023455291,-0.166536697227231,-0.240952111573715,0.578444347095692,0.379565704320853,-0.644420187509917,-0.598677644769264,1.1859497426848,0.237385306065068,-0.319115079841067,-0.498041608164388
"11",-0.371715237431697,-0.471413516272679,-0.450618463894401,-0.25240023455291,-0.166536697227231,-0.613136803009376,-0.416815953013225,0.39809055060605,-0.644420187509917,-0.598677644769264,1.1859497426848,0.417555982736942,-0.572377037129252,-0.312724561771684
"12",-0.313700516340163,-0.471413516272679,-0.450618463894401,-0.25240023455291,-0.166536697227231,-0.469661025013186,-1.3836402445476,0.39809055060605,-0.644420187509917,-0.598677644769264,1.1859497426848,0.316267724120767,-0.839787707115101,0.0361075255557593
"13",-0.347869546753759,-0.471413516272679,-0.450618463894401,-0.25240023455291,-0.166536697227231,-1.15010555630204,-1.12416166630492,0.043695603008311,-0.644420187509917,-0.598677644769264,1.1859497426848,-0.813956789924723,-0.116788488264472,-0.280021553584736
"14",-0.286789106589211,-0.471413516272679,-0.450618463894401,-0.25240023455291,-0.166536697227231,-0.988162598959811,1.06185649286288,0.0444022728938498,-0.644420187509917,-0.598677644769264,1.1859497426848,0.197539867954942,1.20328640642758,-0.999487733697587
"15",-0.341160055987488,-0.471413516272679,-0.450618463894401,-0.25240023455291,-0.166536697227231,-0.427044457291546,0.745505897471117,0.152623718222087,-0.644420187509917,-0.598677644769264,1.1859497426848,0.38186832947309,0.185993963465538,-0.345427569958632
"16",-0.289416865794651,-0.471413516272679,-0.450618463894401,-0.25240023455291,-0.166536697227231,-0.175606707733866,0.834368424266556,0.134755065402033,-0.644420187509917,-0.598677644769264,1.1859497426848,0.432339217745916,0.877866014381307,-0.825071690033866
"17",-0.322609327310988,-0.471413516272679,-0.450618463894401,-0.25240023455291,-0.166536697227231,-0.642968400414524,1.12939201322741,0.194468670730067,-0.644420187509917,-0.598677644769264,1.1859497426848,0.40508262819812,1.04199108167421,-0.901378709136744
"18",-0.327051491682089,-0.471413516272679,-0.450618463894401,-0.25240023455291,-0.166536697227231,-0.310559172185729,0.731287893183846,0.375275208587224,-0.644420187509917,-0.598677644769264,1.1859497426848,-0.613112683044986,0.674124551534946,-0.868675700949796
"19",-0.303243884470896,-0.471413516272679,-0.450618463894401,-0.25240023455291,-0.166536697227231,-0.785023626153325,0.919676449990177,0.264025178035249,-0.644420187509917,-0.598677644769264,1.1859497426848,0.00812966940245825,1.42683606705067,-1.09759675825843
"20",-0.272789352188799,-0.471413516272679,-0.450618463894401,-0.25240023455291,-0.166536697227231,-0.275045365751028,1.12939201322741,0.234748854205782,-0.644420187509917,-0.598677644769264,1.1859497426848,0.199387772331064,0.0742191331539923,-0.901378709136744
"21",-0.237684556592313,-0.471413516272679,-0.450618463894401,-0.25240023455291,-0.166536697227231,-0.240952111573715,1.01920248000107,0.0251707567231136,-0.644420187509917,-0.598677644769264,1.1859497426848,-1.28378647755369,1.10707516008346,-1.01038873642657
"22",-0.433239077959068,-0.471413516272679,-0.762130560417148,-0.25240023455291,-0.505801338308024,-0.425623905034157,-1.35164973490124,0.0693376245692926,-0.53003216915128,-0.762571780235033,0.349449065154476,0.392262791588775,-0.33750840634803,0.210523569219481
"23",-0.453290023200579,2.83622872811843,-1.19224588634993,-0.25240023455291,-1.12343696694229,0.467903464862904,-1.65022782493392,0.853640244676638,-0.758808205868553,-0.920612553719882,-0.0688012736106849,0.41767147676045,-1.15954861408231,0.875484735687419
"24",-0.452479389408425,2.83622872811843,-1.19224588634993,-0.25240023455291,-1.12343696694229,1.07732038328236,-1.86349788924297,0.853640244676638,-0.758808205868553,-0.920612553719882,-0.0688012736106849,0.417555982736942,-1.49062849120764,1.32242584757571
"25",-0.437802293349468,-0.471413516272679,-0.626379876152648,-0.25240023455291,-0.949455099721369,-0.137251796784391,-2.19051198785019,1.01506383710187,-0.758808205868553,-1.03182643135737,-0.254690313061869,0.276075803940118,-0.948732794887114,0.275929585593376
"26",-0.435373112220629,-0.471413516272679,-0.626379876152648,-0.25240023455291,-0.949455099721369,-0.0775886019740931,-2.194066488922,1.01506383710187,-0.758808205868553,-1.03182643135737,-0.254690313061869,0.404158676010059,-0.718108777915191,0.210523569219481
"27",-0.440360686240478,-0.471413516272679,-0.626379876152648,-0.25240023455291,-0.949455099721369,-0.279307022523192,-1.00330862986312,1.01506383710187,-0.758808205868553,-1.03182643135737,-0.254690313061869,0.3456032060917,-0.419570939994481,-0.17101152629491
"28",-0.433732802902947,-0.471413516272679,-0.626379876152648,-0.25240023455291,-0.949455099721369,-0.829060746132353,-1.22368769631581,0.701857648546969,-0.758808205868553,-1.03182643135737,-0.254690313061869,0.432339217745916,-0.326189436189898,-0.378130578145579
"29",-0.431428753164844,-0.471413516272679,-0.626379876152648,-0.25240023455291,-0.949455099721369,-0.681323311364001,-1.2414602016749,0.701857648546969,-0.758808205868553,-1.03182643135737,-0.254690313061869,0.432339217745916,0.231269844098063,-0.301823559042701
"30",-0.425864486648563,-0.471413516272679,-0.626379876152648,-0.25240023455291,-0.949455099721369,-0.334708560561324,0.613989357813867,0.999163764677248,-0.758808205868553,-1.03182643135737,-0.254690313061869,0.38429370396675,0.889184984539438,-0.672457651828109
"31",-0.427156604270285,-0.471413516272679,-0.626379876152648,-0.25240023455291,-0.949455099721369,-0.942704926723395,-0.221318394063259,1.20021134711305,-0.758808205868553,-1.03182643135737,-0.254690313061869,0.432339217745916,0.521318454400174,-0.367229575416597
"32",-0.444979666707184,0.454726312156832,-0.807857106695716,-0.25240023455291,-1.02774693997078,-0.429885561806321,-0.800702068769521,1.56717492338931,-0.644420187509917,-0.973292811548164,-0.765885171552621,0.416863018595897,0.132228855214415,-0.334526567229649
"33",-0.451149188319956,0.454726312156832,-0.807857106695716,-0.25240023455291,-1.02774693997078,-0.213961618683343,-0.185773383345084,1.56717492338931,-0.644420187509917,-0.973292811548164,-0.765885171552621,0.398499468858187,-0.436549395231678,-0.247318545397788
"34",-0.45027326858481,0.454726312156832,-0.807857106695716,-0.25240023455291,-1.02774693997078,-0.380166232797741,-1.66444582922119,1.56717492338931,-0.644420187509917,-0.973292811548164,-0.765885171552621,0.432339217745916,-0.578036522208318,0.0688105337427068
"35",-0.455198276909291,2.83622872811843,-1.04220565637338,-0.25240023455291,-1.28002064744112,-0.536426981110423,-0.733166548404988,1.82208084638725,-0.758808205868553,0.349566996139827,1.2324220025476,0.432339217745916,0.323236476632879,-0.42173458906151
"36",-0.455264922976096,3.49775717699665,-1.43945502716844,-0.25240023455291,-1.34091430096844,1.39694464119467,-1.6466733238621,2.51709067881472,-0.53003216915128,-1.07279996522381,-0.254690313061869,0.421136297465678,-1.09021992186375,1.37693086122062
"37",-0.454252990859715,3.27724769403724,-1.50804484658629,-0.25240023455291,-1.28002064744112,0.166746386296645,-1.15615217595128,2.76492990295728,-0.87319622422719,-0.563557472883742,-0.533523872238643,0.432339217745916,-0.95439227996618,0.210523569219481
"38",-0.455100347994803,3.93877614291546,-1.42516548145639,-0.25240023455291,-1.27132155408007,0.781845513745656,-0.985536124504034,2.32941934778376,-0.53003216915128,-0.8971991057962,-1.55591358922015,0.386141608342872,-1.21189885106366,0.96269275751928
"39",-0.436040933012488,0.631133898524357,-0.880733789827185,-0.25240023455291,-0.905959632916139,-0.171345050961703,-1.38719474561942,2.07198960376603,-0.18686811407537,-0.733304970330432,0.581810364468455,0.360501935124182,-0.800171311561642,0.0579095310137244
"40",-0.436738676528218,0.631133898524357,-0.880733789827185,-0.25240023455291,-0.905959632916139,-0.745248162946461,-0.0720293490469215,1.77448158195417,-0.18686811407537,-0.733304970330432,0.581810364468455,0.411665787538054,0.0897827171214228,-0.443536594519475
"41",-0.43369335931239,0.631133898524357,-0.880733789827185,-0.25240023455291,-0.905959632916139,-0.425623905034157,0.894794942487455,1.56909302736434,-0.18686811407537,-0.733304970330432,0.581810364468455,0.214979465504591,0.272301110921288,-0.737863668202005
"42",-0.439842479067977,0.631133898524357,-0.880733789827185,-0.25240023455291,-0.905959632916139,0.705135691846703,-0.882455593421325,2.15583093804318,-0.18686811407537,-0.733304970330432,0.581810364468455,0.417094006642912,-0.426645296343313,0.243226577406428
"43",-0.454394443736199,0.300369674085247,-1.41659175402916,-0.25240023455291,-1.22695617793874,1.1909645638734,-0.310180920858698,2.78274807935694,-0.758808205868553,-1.13133358503301,0.0706155059777027,0.390068405142131,-0.631801630459441,1.11530679572504
"44",-0.452173361550648,3.05673821107784,-1.13222979435931,-0.25240023455291,-1.38440976777367,0.0346350263595597,-1.79240786780662,1.46460683714538,-0.644420187509917,-0.423076785341655,-1.09119099059219,0.432339217745916,-1.11002811964048,0.0797115364716895
"45",-0.451092063119838,3.05673821107784,-1.13222979435931,-0.25240023455291,-1.38440976777367,-0.679902759106612,-1.31965922525488,1.46460683714538,-0.644420187509917,-0.423076785341655,-1.09119099059219,0.432339217745916,-0.321944822380599,-0.367229575416597
"46",-0.449174288544439,0.0798601911258393,-0.74641206013389,-0.25240023455291,-1.28871974080216,-0.550632503684303,-1.66444582922119,1.40731609999634,-0.644420187509917,-0.376249889494292,0.210032285566089,0.424370130123891,-0.624727274110609,-0.0838035044630494
"47",-0.438612927141622,0.0798601911258393,-0.74641206013389,-0.25240023455291,-1.28871974080216,-0.954069344782499,-1.11705266416128,1.40731609999634,-0.644420187509917,-0.376249889494292,0.210032285566089,0.432339217745916,0.0812934895028243,-0.585249629996249
"48",-0.445043592526364,-0.471413516272679,-0.0690875933825967,-0.25240023455291,-1.25392336735798,0.215045163047837,-2.19051198785019,0.796198078266408,-0.644420187509917,-0.610384368731105,0.349449065154476,0.280233588786392,-0.819979509338372,0.156018555574568
"49",-0.444583870677793,-0.471413516272679,-0.0690875933825967,-0.25240023455291,-1.25392336735798,-0.284989231552743,-2.14785797498838,0.796198078266408,-0.644420187509917,-0.610384368731105,0.349449065154476,0.363158297664857,-0.98976406171034,0.00340451736881141
"50",-0.430472586124769,-0.471413516272679,-0.0690875933825967,-0.25240023455291,-1.25392336735798,-0.0292898252229009,-2.20472999213746,0.796198078266408,-0.644420187509917,-0.610384368731105,0.349449065154476,0.204469509365399,-0.703960065217527,0.0688105337427068
"51",-0.44630850767184,-0.471413516272679,0.219561230000866,-0.25240023455291,-1.04514512669287,0.010485637983963,-2.21183899428109,0.273363315808441,-0.53003216915128,-0.0660217045055155,0.117087765840497,0.40947140109141,-0.811490281719773,0.145117552845585
"52",-0.444110547591099,-0.471413516272679,0.219561230000866,-0.25240023455291,-1.04514512669287,0.028952817330007,-0.825583576272244,0.400109607421876,-0.53003216915128,-0.0660217045055155,0.117087765840497,0.274458887611011,-0.505878087450231,-0.149209520836945
"53",-0.443238708227389,-0.471413516272679,0.219561230000866,-0.25240023455291,-1.04514512669287,0.0190089515282914,0.222994239913936,0.172763809959945,-0.53003216915128,-0.0660217045055155,0.117087765840497,0.163931107114227,-0.0771720927110122,-0.301823559042701
"54",-0.445205447260032,-0.471413516272679,0.219561230000866,-0.25240023455291,-1.04514512669287,-0.178447812248643,-0.797147567697704,0.192096278971472,-0.53003216915128,-0.0660217045055155,0.117087765840497,0.31753815837935,-0.3177002085713,-0.21461553721084
"55",-0.451453856053921,0.631133898524357,-0.919315563249727,-0.25240023455291,-1.14083515366438,0.655416362838123,-1.23435119953126,0.853438338995055,-0.644420187509917,-0.750865056273192,0.256504545428885,0.432339217745916,-1.02230610091497,0.570256659275906
"56",-0.450979172843414,0.631133898524357,-0.919315563249727,-0.25240023455291,-1.14083515366438,0.501996719040217,0.077259695969416,0.853438338995055,-0.644420187509917,-0.750865056273192,0.256504545428885,0.41767147676045,-0.749235945850052,0.12331554738762
"57",-0.452218245636455,0.631133898524357,-0.919315563249727,-0.25240023455291,-1.14083515366438,-0.140092901299167,-0.765157058051345,0.853438338995055,-0.644420187509917,-0.750865056273192,0.256504545428885,0.360039959030151,-0.708204679026826,0.0143055200977938
"58",-0.450167178927447,-0.471413516272679,-0.972186882384321,-0.25240023455291,-0.940756006360323,0.175269699840974,-0.718948544117717,0.539828339076988,-0.758808205868553,-0.949879363624483,0.0241432461149062,0.432339217745916,-0.409666841106116,0.12331554738762
"59",-0.449247735230306,-0.471413516272679,-0.972186882384321,-0.25240023455291,-0.940756006360323,0.517622793871485,-0.431033957300495,0.36735041058511,-0.758808205868553,-0.949879363624483,0.0241432461149062,0.379211966932415,-0.846862063463933,0.41764262107015
"60",-0.449991722955655,-0.471413516272679,-0.972186882384321,-0.25240023455291,-0.940756006360323,-0.356016844422145,-0.822029075200426,0.362050386443568,-0.758808205868553,-0.949879363624483,0.0241432461149062,0.421829261606724,0.0487514502981971,-0.0292984908181365
"61",-0.447321799912033,-0.471413516272679,-0.972186882384321,-0.25240023455291,-0.940756006360323,-0.205438305139014,-0.406152449797772,0.0190126334348464,-0.758808205868553,-0.949879363624483,0.0241432461149062,0.412127763632084,-0.576621650938551,-0.0620014990050843
"62",-0.449349744516231,-0.471413516272679,-1.12651397607449,-0.25240023455291,-0.592792271918484,1.05317099490677,0.642425366388408,-0.145490020634521,-0.87319622422719,-0.815252038063316,-0.301162572924664,0.432339217745916,-0.992593804249872,0.0906125392006722
"63",-0.449836668841049,-0.471413516272679,-1.12651397607449,-0.25240023455291,-0.592792271918484,1.1554507574387,-0.182218882273266,-0.149124322903007,-0.87319622422719,-0.815252038063316,-0.301162572924664,0.422637719771277,-0.964296378854544,0.646563678378784
"64",-0.450677225357075,-0.471413516272679,-1.12651397607449,-0.25240023455291,-0.592792271918484,0.215045163047837,-0.0755838501187394,-0.311759349417737,-0.87319622422719,-0.815252038063316,-0.301162572924664,0.377826038650324,-0.524271413957194,-0.0183974880891537
"65",-0.453137689333597,0.763439588300002,0.535360190237228,-0.25240023455291,-0.810269605944633,-0.0775886019740931,-1.39785824883487,-0.0222266020283856,-0.644420187509917,-0.815252038063316,-0.115273533473481,0.425756058405983,-0.892137944096458,0.243226577406428
"66",-0.451207673643887,0.763439588300002,0.535360190237228,-0.25240023455291,-0.810269605944633,-0.0236076161933494,0.322520269924827,-0.0479191000097628,-0.644420187509917,-0.815252038063316,-0.115273533473481,0.432339217745916,-0.272424327938775,-0.236417542668806
"67",-0.441401180956918,-0.471413516272679,-1.20081961377716,-0.25240023455291,-0.975552379804507,-0.145775110328718,0.0488236873948751,-0.108389851643731,-0.87319622422719,-0.780131866177794,-0.208218053199073,0.373783747827557,-0.166308982706295,-0.149209520836945
"68",-0.436828444699832,-0.471413516272679,-0.39060237190378,-0.25240023455291,-0.323120377726059,0.655416362838123,0.414937297792084,-0.470507691562002,-0.53003216915128,-0.1479687722384,1.139477482822,0.407623496715288,-0.437964266501444,0.515751645630993
"69",-0.441499109871407,-0.471413516272679,-0.39060237190378,-0.25240023455291,-0.323120377726059,0.732126184737075,0.109250205615774,-0.430984654392222,-0.53003216915128,-0.1479687722384,1.139477482822,0.417094006642912,-0.685566738710564,0.406741618341167
"70",-0.425933852962992,-0.471413516272679,-0.39060237190378,-0.25240023455291,-0.323120377726059,0.197998535959182,0.61043485674205,-0.502358312831647,-0.53003216915128,-0.1479687722384,1.139477482822,-3.33392088883731,-0.26676484285971,-0.454437597248458
"71",-0.428266465301155,-0.471413516272679,-0.39060237190378,-0.25240023455291,-0.323120377726059,-0.182709469020807,0.681524878178401,-0.502358312831647,-0.53003216915128,-0.1479687722384,1.139477482822,0.404274170033567,0.130813983944648,-0.378130578145579
"72",-0.433762725626819,-0.471413516272679,-0.39060237190378,-0.25240023455291,-0.323120377726059,-0.610295698494599,0.841477426410191,-0.75660804236445,-0.53003216915128,-0.1479687722384,1.139477482822,0.418133452854481,0.869376786762709,-0.356328572687614
"73",-0.439207301247614,-0.471413516272679,-0.39060237190378,-0.25240023455291,-0.323120377726059,-0.196914991594687,0.603325854598415,-0.801330150834981,-0.53003216915128,-0.1479687722384,1.139477482822,0.325969222095406,0.222780616479464,-0.258219548126771
"74",-0.439635740248501,-0.471413516272679,-0.39060237190378,-0.25240023455291,-0.323120377726059,0.296016641718955,1.0263114821447,-0.64460086550654,-0.53003216915128,-0.1479687722384,1.139477482822,0.413167209843653,-0.0347259546180204,-0.323625564500666
"75",-0.421191101229364,-0.471413516272679,-0.39060237190378,-0.25240023455291,-0.323120377726059,-0.0520186613411091,0.816595918907468,-0.58796632182264,-0.53003216915128,-0.1479687722384,1.139477482822,0.366854106417101,0.429351821865359,-0.367229575416597
"76",-0.443332556770441,-0.471413516272679,-0.183403959079018,-0.25240023455291,-0.0882448569778174,0.638369735749466,0.475363816012982,-0.521135541218822,-0.415644150792644,0.132992602845775,-0.301162572924664,0.417209500666419,-0.333263792538731,0.00340451736881141
"77",-0.437692123320668,-0.471413516272679,-0.183403959079018,-0.25240023455291,-0.0882448569778174,-0.0165048549064095,0.567780843880239,-0.733641271084437,-0.415644150792644,0.132992602845775,-0.301162572924664,0.338096094563705,-0.292232525715505,-0.46533859997744
"78",-0.439151536171309,-0.471413516272679,-0.183403959079018,-0.25240023455291,-0.0882448569778174,-0.127307930982674,0.151904218477585,-0.494584944090719,-0.415644150792644,0.132992602845775,-0.301162572924664,0.390761369283177,-0.0672679938226476,-0.17101152629491
"79",-0.43651289597537,-0.471413516272679,-0.183403959079018,-0.25240023455291,-0.0882448569778174,-0.347493530877817,0.510908826731158,-0.485852523362275,-0.415644150792644,0.132992602845775,-0.301162572924664,0.404736146127597,-0.313455594762001,-0.389031580874562
"80",-0.439287548552542,-0.471413516272679,-0.183403959079018,-0.25240023455291,-0.0882448569778174,-0.559155817228631,0.17323122490849,-0.622088382010088,-0.415644150792644,0.132992602845775,-0.301162572924664,-0.240644457232938,0.403884139009563,-0.258219548126771
"81",-0.437358892986645,-0.471413516272679,-0.183403959079018,-0.25240023455291,-0.0882448569778174,-0.759453685520341,-0.107574359765097,-0.47989630575559,-0.415644150792644,0.132992602845775,-0.301162572924664,0.369972445051806,0.154866795530677,-0.378130578145579
"82",-0.447664551112742,-0.471413516272679,2.05148099028601,-0.25240023455291,0.207524317297745,-0.561996921743407,0.052378188466693,-0.73303555403969,-0.87319622422719,-1.29522772049878,0.302976805291681,0.342831349527517,0.262397012032923,-0.0838035044630494
"83",-0.44730275817866,-0.471413516272679,2.05148099028601,-0.25240023455291,0.207524317297745,-0.371642919253413,0.564226342808421,-0.763472835538256,-0.87319622422719,-1.29522772049878,0.302976805291681,0.210244210540779,0.248248299335259,-0.269120550855753
"84",-0.444400253963127,-0.471413516272679,2.05148099028601,-0.25240023455291,0.207524317297745,-0.432726666321097,0.877022437128367,-0.819249280075431,-0.87319622422719,-1.29522772049878,0.302976805291681,0.215094959528098,0.766091184069761,-0.247318545397788
"85",-0.43659450340411,-0.471413516272679,2.05148099028601,-0.25240023455291,0.207524317297745,-0.581884653346839,1.02275698107289,-0.891178179139208,-0.87319622422719,-1.29522772049878,0.302976805291681,0.125240609239177,1.82441489385503,-0.596150632725231
"86",-0.44365218586634,-0.471413516272679,2.05148099028601,-0.25240023455291,0.207524317297745,-0.549211951426915,0.980102968211076,-0.859933274914311,-0.87319622422719,-1.29522772049878,0.302976805291681,0.229993688560581,0.716570689627937,-0.432635591790492
"87",-0.404363649423098,-0.471413516272679,2.05148099028601,-0.25240023455291,0.207524317297745,-0.927078851892126,0.97299396606744,-0.985670038119833,-0.87319622422719,-1.29522772049878,0.302976805291681,-0.00203380466621154,2.08616607876181,-0.770566676388953
"88",-0.421800436697292,-0.471413516272679,1.51419407151283,-0.25240023455291,0.581585331822722,-0.813434671301086,0.987211970354711,-0.969971871376791,-0.644420187509917,0.162259412750377,1.27889426241039,0.377017580485771,0.661390710107048,-0.71606166274404
"89",-0.412785536069105,-0.471413516272679,1.51419407151283,-0.25240023455291,0.581585331822722,0.23493289465127,1.0867380003656,-0.957756577641047,-0.644420187509917,0.162259412750377,1.27889426241039,0.432339217745916,0.406713881549096,-0.519843613622353
"90",-0.29479343522483,-0.471413516272679,1.51419407151283,-0.25240023455291,0.581585331822722,0.0857749076255277,1.04763848857561,-0.72632219012707,-0.644420187509917,0.162259412750377,1.27889426241039,0.432339217745916,-0.0361408258877868,-0.345427569958632
"91",-0.412188441715488,-0.471413516272679,1.51419407151283,-0.25240023455291,0.581585331822722,-0.630183430098032,0.965884963923806,-0.625924589960156,-0.644420187509917,0.162259412750377,1.27889426241039,0.337518624446167,0.355778515837506,-0.476239602706423
"92",-0.324276839104916,-0.471413516272679,1.51419407151283,-0.25240023455291,0.581585331822722,-0.722519326828253,1.07251999607833,-0.688464874830345,-0.644420187509917,0.162259412750377,1.27889426241039,-1.11689761358519,0.678369165344245,-0.781467679117935
"93",-0.413165010612748,-0.471413516272679,1.51419407151283,-0.25240023455291,0.581585331822722,-0.45971715921147,0.898349443559272,-0.87982098455019,-0.644420187509917,0.162259412750377,1.27889426241039,0.21694286390422,0.620359443283822,-0.585249629996249
"94",-0.409126803013911,-0.471413516272679,1.51419407151283,-0.25240023455291,0.581585331822722,0.267605596571194,1.07251999607833,-0.938928872833476,-0.644420187509917,0.162259412750377,1.27889426241039,0.39976990311677,0.293524179967784,-0.617952638183196
"95",-0.423072152461829,-0.471413516272679,1.51419407151283,-0.25240023455291,0.581585331822722,-0.580464101089451,1.0654109939347,-1.03039214659036,-0.644420187509917,0.162259412750377,1.27889426241039,0.376209122321218,1.24573254452057,-1.03219074188454
"96",-0.382986583464556,-0.471413516272679,1.51419407151283,-0.25240023455291,0.581585331822722,-0.162821737417375,1.05474749071924,-1.03034167016997,-0.644420187509917,0.162259412750377,1.27889426241039,0.432339217745916,0.841079361367381,-0.541645619080318
"97",-0.235532840721192,-0.471413516272679,1.51419407151283,-0.25240023455291,0.581585331822722,-1.77088689278061,1.12939201322741,-1.14608410213715,-0.644420187509917,0.162259412750377,1.27889426241039,0.432339217745916,3.09779903664479,-0.912279711865727
"98",-0.00534412659702117,-0.471413516272679,1.18410556556442,3.95006367075304,2.73026139200108,-1.22539482594361,1.12939201322741,-1.20554532536321,-0.53003216915128,-0.0367548946009139,-1.74180262867133,0.432339217745916,2.02391174289209,-1.02128973915555
"99",-0.133428346128856,-0.471413516272679,1.18410556556442,-0.25240023455291,2.73026139200108,-0.192653334822523,1.12939201322741,-1.15633081547747,-0.53003216915128,-0.0367548946009139,-1.74180262867133,-2.15461141480108,2.1625691273292,-0.977685728239622
"100",-0.134886398855684,-0.471413516272679,1.18410556556442,-0.25240023455291,2.73026139200108,-1.90299825271769,0.976548467139258,-1.13528214817249,-0.53003216915128,-0.0367548946009139,-1.74180262867133,0.372397819545466,2.40734185699878,-0.890477706407761
"101",-0.140004544761518,-0.471413516272679,1.18410556556442,-0.25240023455291,2.73026139200108,-1.53365466579681,0.909012946774724,-1.10055437094029,-0.53003216915128,-0.0367548946009139,-1.74180262867133,-0.0285974300729624,2.23614243335705,-0.541645619080318
"102",-0.0851942753718561,-0.471413516272679,1.18410556556442,-0.25240023455291,2.73026139200108,-0.949807688010335,0.948112458564718,-1.10252295133572,-0.53003216915128,-0.0367548946009139,-1.74180262867133,-0.0879613581558748,1.26412587102753,-0.803269684575901
"103",-0.231729934541891,-0.471413516272679,1.18410556556442,-0.25240023455291,2.73026139200108,-0.204017752881627,1.03342048428834,-1.05593321531055,-0.53003216915128,-0.0367548946009139,-1.74180262867133,0.153998621092572,0.224195487749231,-0.138308518107962
"104",-0.164732955793665,-0.471413516272679,1.18410556556442,-0.25240023455291,2.73026139200108,-0.790705835182878,1.07607449715015,-1.05330844144998,-0.53003216915128,-0.0367548946009139,-1.74180262867133,-1.12625262948931,0.463308732339752,-0.367229575416597
"105",-0.264746940086435,-0.471413516272679,1.18410556556442,3.95006367075304,2.73026139200108,-0.194073887079911,0.987211970354711,-0.989607198910692,-0.53003216915128,-0.0367548946009139,-1.74180262867133,-0.444029432629843,0.368512357265403,-0.628853640912179
"106",-0.124269272376561,-0.471413516272679,1.18410556556442,-0.25240023455291,2.73026139200108,-1.41148717166144,0.91612194891836,-0.996169133562124,-0.53003216915128,-0.0367548946009139,-1.74180262867133,-3.12799504492324,0.512829226781576,-1.0539927473425
"107",-0.274405179277859,-0.471413516272679,1.18410556556442,-0.25240023455291,0.416302557962848,-0.283568679295356,1.12939201322741,-0.985619561699437,-0.53003216915128,-0.0367548946009139,-1.74180262867133,-0.0644005773603224,-0.861010776161597,0.16691955830355
"108",-0.263227681788052,-0.471413516272679,1.18410556556442,-0.25240023455291,2.73026139200108,0.347156522984923,1.12939201322741,-0.981278589545412,-0.53003216915128,-0.0367548946009139,-1.74180262867133,0.0559441951346094,-0.725183134264023,0.0579095310137244
"109",-0.283841718287871,-0.471413516272679,1.18410556556442,3.95006367075304,0.416302557962848,-0.022187063935961,0.866358933912914,-0.964873752916832,-0.53003216915128,-0.0367548946009139,-1.74180262867133,-0.237295130551217,-0.992593804249872,0.46124663198608
"110",-0.258012967091542,-0.471413516272679,1.18410556556442,-0.25240023455291,0.416302557962848,1.73787718296779,0.802377914620198,-0.877801927734365,-0.53003216915128,-0.0367548946009139,-1.74180262867133,0.172824146924313,-1.5260002729518,2.96847725965208
"111",-0.250442517952059,-0.471413516272679,1.18410556556442,3.95006367075304,0.416302557962848,2.99648648301357,0.912567447846542,-0.78134148835831,-0.53003216915128,-0.0367548946009139,-1.74180262867133,0.334746767881984,-1.30103574105895,2.96847725965208
"112",-0.152059322110285,-0.471413516272679,1.18410556556442,-0.25240023455291,0.416302557962848,-0.584725757861615,0.837922925338373,-0.650102795329664,-0.53003216915128,-0.0367548946009139,-1.74180262867133,0.411665787538054,-0.123862844613303,-0.00749648536017134
"113",-0.0593478425659661,-0.471413516272679,1.18410556556442,-0.25240023455291,0.416302557962848,-0.233849350286775,0.880576938200184,-0.720063113998012,-0.53003216915128,-0.0367548946009139,-1.74180262867133,-1.37791410671239,-0.382784286980554,0.243226577406428
"114",-0.183637316661374,-0.471413516272679,1.18410556556442,-0.25240023455291,0.416302557962848,2.36292017621852,0.994320972498346,-0.83994461243764,-0.53003216915128,-0.0367548946009139,-1.74180262867133,0.113575712864908,-1.24727063280782,2.96847725965208
"115",-0.212187675606195,-0.471413516272679,1.18410556556442,-0.25240023455291,0.416302557962848,-0.552053055941691,0.390055790289361,-0.648134214934235,-0.53003216915128,-0.0367548946009139,-1.74180262867133,-1.52285910621445,-0.0531192811249835,0.112414544658637
"116",-0.123881637090044,-0.471413516272679,1.18410556556442,-0.25240023455291,0.416302557962848,0.193736879187018,0.95877596178017,-0.730612685860699,-0.53003216915128,-0.0367548946009139,-1.74180262867133,-0.339853823425976,-0.169138725245828,-0.0511004962761016
"117",-0.292823975944562,-0.471413516272679,1.18410556556442,-0.25240023455291,0.416302557962848,-0.554894160456467,0.937448955349265,-0.648134214934235,-0.53003216915128,-0.0367548946009139,-1.74180262867133,-0.775843762167211,0.270886239651522,-0.585249629996249
"118",-0.142328996356807,-0.471413516272679,1.18410556556442,-0.25240023455291,0.416302557962848,-0.547791399169527,1.03342048428834,-0.66691144332141,-0.53003216915128,-0.0367548946009139,-1.74180262867133,-0.130925134900707,-0.068682865092414,-0.399932583603545
"119",-0.43812328256918,-0.471413516272679,-1.03506088351735,-0.25240023455291,-0.410111311336519,-0.985321494445036,0.720624389968394,-0.562223347420868,-0.53003216915128,-0.663064626559388,-0.858829691278213,0.432339217745916,0.307672892665448,0.0361075255557593
"120",-0.44456482894442,-0.471413516272679,-1.03506088351735,-0.25240023455291,-0.410111311336519,0.21362461079045,0.564226342808421,-0.53688418438226,-0.53003216915128,-0.663064626559388,-0.858829691278213,0.416170054454851,-0.491729374752567,0.0906125392006722
"121",-0.445559079451241,-0.471413516272679,-1.03506088351735,-0.25240023455291,-0.410111311336519,-0.577622996574675,0.0168331777485174,-0.508819294642288,-0.53003216915128,-0.663064626559388,-0.858829691278213,0.389952911118623,-0.406837098566583,-0.0183974880891537
"122",-0.447984180208642,-0.471413516272679,-1.03506088351735,-0.25240023455291,-0.410111311336519,0.398296404250892,-1.24856920381853,-0.291568781259483,-0.53003216915128,-0.663064626559388,-0.858829691278213,0.363735767782395,-1.0166466158359,0.722870697481662
"123",-0.447497255883824,-0.471413516272679,-1.03506088351735,-0.25240023455291,-0.410111311336519,-0.348914083135205,-0.747384552692258,-0.0782554286675383,-0.53003216915128,-0.663064626559388,-0.858829691278213,0.389952911118623,-0.340338148887563,0.0470085282847416
"124",-0.449669373612131,-0.471413516272679,-1.03506088351735,-0.25240023455291,-0.410111311336519,0.0701488327942606,0.183894728123943,-0.198086450686771,-0.53003216915128,-0.663064626559388,-0.858829691278213,0.417324994689927,-0.880818973938327,0.199622566490498
"125",-0.448014102932514,-0.471413516272679,-1.03506088351735,-0.25240023455291,-0.410111311336519,0.844349813070729,0.219439738842118,-0.401102613518007,-0.53003216915128,-0.663064626559388,-0.858829691278213,0.367316082511131,-0.791682083943044,0.777375711126575
"126",-0.44918652965875,-0.471413516272679,-1.26226466033899,-0.25240023455291,-0.60149136527953,1.01481608395729,-0.349280432648691,-0.444663764319438,-0.758808205868553,-1.26596091059418,-0.301162572924664,0.432339217745916,-1.05767788265913,1.57314891034231
"127",-0.44808754961838,-0.471413516272679,-1.26226466033899,-0.25240023455291,-0.60149136527953,2.12994960600688,0.535790334233881,-0.489083014267595,-0.758808205868553,-1.26596091059418,-0.301162572924664,0.416863018595897,-0.701130322677994,1.85657498129585
"128",-0.447679512474678,-0.471413516272679,-1.26226466033899,-0.25240023455291,-0.60149136527953,-0.17276560321909,-0.214209391919624,-0.561314771853746,-0.758808205868553,-1.26596091059418,-0.301162572924664,0.432339217745916,-0.433719652692145,1.46413888305248
"129",-0.444666838230346,-0.471413516272679,-1.26226466033899,-0.25240023455291,-0.60149136527953,1.26341272900019,0.852140929625644,-0.509475488107431,-0.758808205868553,-1.26596091059418,-0.301162572924664,0.400231879210801,-1.08880505059399,1.64945592944518
"130",-0.443435926180178,-0.471413516272679,-1.26226466033899,-0.25240023455291,-0.60149136527953,0.422445792626488,0.97299396606744,-0.435578008648224,-0.758808205868553,-1.26596091059418,-0.301162572924664,0.432339217745916,-0.967126121394077,1.06080178208012
"131",-0.449428631697347,-0.471413516272679,-1.26226466033899,-0.25240023455291,-0.60149136527953,2.22370605499449,-0.519896484095934,-0.257800056014805,-0.758808205868553,-1.26596091059418,-0.301162572924664,0.383023269708166,-1.14115528757534,2.96847725965208
"132",-0.446337070271899,1.51317183036199,-1.12222711236087,-0.25240023455291,-1.04514512669287,0.733546736994463,-0.964209118073129,0.0397079657970561,-0.53003216915128,-0.0660217045055155,-1.50944132935735,0.39734452862311,-0.825638994417437,1.00629676843521
"133",-0.445663808984791,1.51317183036199,-1.12222711236087,-0.25240023455291,-1.04514512669287,1.30602929672183,-1.04240814165312,0.432464992895476,-0.53003216915128,-0.0660217045055155,-1.50944132935735,0.432339217745916,-1.0081573882173,1.32242584757571
"134",-0.444714442563778,1.51317183036199,-1.12222711236087,-0.25240023455291,-1.04514512669287,0.973620068493038,-1.66089132814937,1.39812939148433,-0.53003216915128,-0.0660217045055155,-1.50944132935735,0.210359704564287,-1.04918865504053,1.55134690488434
"135",-0.447648229626994,1.51317183036199,-1.12222711236087,-0.25240023455291,-1.04514512669287,0.672462989926779,-1.33032272847034,1.39812939148433,-0.53003216915128,-0.0660217045055155,-1.50944132935735,0.349299014843943,-1.10719837710095,0.842781727500471
"136",-0.445263932583963,1.51317183036199,-1.12222711236087,-0.25240023455291,-1.04514512669287,1.29608543092012,-1.49027527670213,1.39812939148433,-0.53003216915128,-0.0660217045055155,-1.50944132935735,0.358307548677538,-1.36470494819844,1.48594088851044
"137",-0.454073454516487,2.17470027924021,-1.19510379549234,-0.25240023455291,-1.35831248769053,0.759116677627448,-2.07321345248021,1.26678974561489,-0.987584242585827,-0.844518847967917,-1.32355228990617,0.39156982744773,-1.05909275392889,0.908187743874367
"138",-0.455090827128117,2.17470027924021,-1.19510379549234,-0.25240023455291,-1.35831248769053,0.480688435179397,-1.75686285708844,1.26678974561489,-0.987584242585827,-0.844518847967917,-1.32355228990617,0.19904129026054,-1.15105938646371,0.690167689294715
"139",-0.450701707585697,3.05673821107784,-1.39658639003228,-0.25240023455291,-1.33221520760739,1.19522622064557,-1.12416166630492,1.81667986940492,-0.87319622422719,-0.469903681189017,-2.71772008579004,-0.0595498283730025,-0.552568839352522,0.820979722042506
"140",-0.454629745155734,3.71826665995606,-1.40373116288831,-0.25240023455291,-1.34091430096844,1.23500168385243,-1.9310334096075,1.99052066124748,-0.758808205868553,-0.0426082565818342,-0.67294065182703,0.286816748126326,-1.14115528757534,1.10440579299605
"141",-0.452362418760563,3.16699295255754,-1.32370970690082,-0.25240023455291,-1.23652518063589,-0.147195662586106,-1.0601806470122,1.29222986149429,-0.87319622422719,-0.358689803551531,-1.74180262867133,0.396189588388034,-0.719523649184957,0.145117552845585
"142",-0.452274010712761,3.71826665995606,-1.23082765977247,-0.25240023455291,-1.22695617793874,2.25495820465703,-1.24501470274672,0.710741498536601,-0.644420187509917,-1.08450668918565,-1.74180262867133,0.38475568006078,-1.23170704884039,2.80496221871734
"143",-0.454315556555083,3.71826665995606,-1.23082765977247,-0.25240023455291,-1.22695617793874,2.51207816324426,-1.29122321668034,0.710741498536601,-0.644420187509917,-1.08450668918565,-1.74180262867133,0.359000512818583,-1.36329007692867,2.96847725965208
"144",-0.438493236246136,-0.471413516272679,-0.100524593949113,-0.25240023455291,-0.592792271918484,-0.532165324338259,-1.63245531957483,0.118854992977408,-0.644420187509917,-0.774278504196874,0.0706155059777027,0.432339217745916,-0.232807932385316,-0.0183974880891537
"145",-0.425807361448444,-0.471413516272679,-0.100524593949113,-0.25240023455291,-0.592792271918484,0.0857749076255277,-0.558995995885927,0.325555934497526,-0.644420187509917,-0.774278504196874,0.0706155059777027,0.408893930973872,-0.218659219687652,0.177820561032533
"146",-0.438568043055815,-0.471413516272679,-0.100524593949113,3.95006367075304,-0.592792271918484,-0.286409783810132,-0.324398925145968,0.267154716099778,-0.644420187509917,-0.774278504196874,0.0706155059777027,0.252399529121057,0.303428278856149,0.177820561032533
"147",-0.405937312673975,-0.471413516272679,-0.100524593949113,3.95006367075304,-0.592792271918484,-1.22397427368622,0.724178891040211,-0.0226808898119464,-0.644420187509917,-0.774278504196874,0.0706155059777027,0.413167209843653,1.62208830227843,-0.378130578145579
"148",-0.437935585483077,-0.471413516272679,-0.100524593949113,-0.25240023455291,-0.592792271918484,0.155381968237541,-1.27700521239307,0.118854992977408,-0.644420187509917,-0.774278504196874,0.0706155059777027,0.304256345675975,-0.44362375158051,0.581157662004889
"149",-0.417665660307779,-0.471413516272679,-0.100524593949113,-0.25240023455291,-0.592792271918484,-1.21260985562712,-2.07676795355202,-0.061800115618562,-0.644420187509917,-0.774278504196874,0.0706155059777027,-0.121685613020098,2.41017159953832,0.101513541929655
"150",-0.450845880709805,-0.471413516272679,0.371030414548623,3.95006367075304,-0.0621475768946794,-0.536426981110423,-0.434588458372313,-0.301765018179401,-0.53003216915128,-0.780131866177794,-0.951774211003805,0.384986668107796,0.140718082833013,0.0579095310137244
"151",-0.401594437341174,-0.471413516272679,-0.727835650708222,3.95006367075304,-0.436208591419657,-0.144354558071331,0.820150419979285,-0.334120403653002,-0.18686811407537,-0.598677644769264,-0.487051612375848,0.413167209843653,1.2655407422973,-0.116506512649997
"152",-0.372236164851824,-0.471413516272679,-0.727835650708222,3.95006367075304,-0.436208591419657,0.8713403059611,0.336738274212098,-0.221002745546388,-0.18686811407537,-0.598677644769264,-0.487051612375848,0.357152608442461,-0.365805831743358,0.515751645630993
"153",-0.373441234549556,-0.471413516272679,-0.727835650708222,-0.25240023455291,-0.436208591419657,0.500576166782829,0.446927807438442,-0.221002745546388,-0.18686811407537,-0.598677644769264,-0.487051612375848,0.432339217745916,-0.695470837598929,0.799177716584541
"154",-0.414159261119568,-0.471413516272679,-0.727835650708222,-0.25240023455291,-0.462305871502794,2.84164628695828,0.358065280643003,-0.411652185380694,-0.18686811407537,-0.598677644769264,-0.487051612375848,0.295478799889397,-1.1850162969381,2.40162511774498
"155",-0.385379041250461,-0.471413516272679,-0.727835650708222,-0.25240023455291,-0.462305871502794,3.49367977309938,0.525126831018428,-0.411652185380694,-0.18686811407537,-0.598677644769264,-0.487051612375848,0.260253122719575,-1.11568760471955,2.96847725965208
"156",-0.405072273929327,-0.471413516272679,-0.727835650708222,-0.25240023455291,-0.462305871502794,2.52060147678859,0.649534368532043,-0.249471446649525,-0.18686811407537,-0.598677644769264,-0.487051612375848,0.32238890736667,-1.32791829518451,1.61675292125824
"157",-0.400959259520812,-0.471413516272679,-0.727835650708222,-0.25240023455291,-0.462305871502794,1.2747771470593,0.414937297792084,-0.249471446649525,-0.18686811407537,-0.598677644769264,-0.487051612375848,0.145683051400024,-0.870914875049962,0.96269275751928
"158",-0.396960495512533,-0.471413516272679,-0.727835650708222,-0.25240023455291,-0.462305871502794,0.406819717795219,-1.66444582922119,-0.169012032538886,-0.18686811407537,-0.598677644769264,-0.487051612375848,0.241081114817311,-1.23878140518923,0.951791754790297
"159",-0.384009396571435,-0.471413516272679,-0.727835650708222,-0.25240023455291,-0.462305871502794,-0.404315621173337,-0.00449382868238824,-0.0193999224862302,-0.18686811407537,-0.598677644769264,-0.487051612375848,0.218097804139297,-0.122447973343537,0.16691955830355
"160",-0.378801482493987,-0.471413516272679,-0.727835650708222,-0.25240023455291,-0.436208591419657,2.94250549723283,0.180340227052125,0.0648452231540812,-0.18686811407537,-0.598677644769264,-0.487051612375848,0.305411285911051,-1.42129979898909,2.06369403314652
"161",-0.411964021286452,-0.471413516272679,-0.727835650708222,-0.25240023455291,-0.436208591419657,2.81465579406791,0.077259695969416,-0.0292933008837743,-0.18686811407537,-0.598677644769264,-0.487051612375848,0.225027445549753,-1.21189885106366,2.78316021325937
"162",-0.396126739615569,-0.471413516272679,-0.727835650708222,3.95006367075304,-0.436208591419657,0.653995810580735,-0.061365845831469,-0.0292933008837743,-0.18686811407537,-0.598677644769264,-0.487051612375848,0.00847615147298077,-0.631801630459441,0.679266686565732
"163",-0.41210275391531,-0.471413516272679,-0.727835650708222,-0.25240023455291,-0.436208591419657,-0.255157634147595,-0.239090899422347,-0.0292933008837743,-0.18686811407537,-0.598677644769264,-0.487051612375848,0.199618760378079,-0.23139306111555,0.134216550116602
"164",-0.386242719871297,-0.471413516272679,-0.727835650708222,3.95006367075304,-0.436208591419657,0.519043346128873,0.294084261350287,0.221120220698961,-0.18686811407537,-0.598677644769264,-0.487051612375848,0.334746767881984,-0.420985811264247,0.254127580135411
"165",-0.441639202624078,0.851643381483765,-0.90931288125129,-0.25240023455291,-1.12343696694229,0.896910246594086,-0.495014976593211,1.32559477537581,-0.415644150792644,-0.639651178635706,-0.858829691278213,0.367085094464116,-0.16064949762723,-0.0838035044630494
"166",-0.443052371265099,0.851643381483765,-0.90931288125129,-0.25240023455291,-1.12343696694229,0.131232579861944,-0.544777991598657,1.67862685962286,-0.415644150792644,-0.639651178635706,-0.858829691278213,0.153421150975034,-0.183287437943492,-0.0620014990050843
"167",-0.439696945820057,0.851643381483765,-0.90931288125129,-0.25240023455291,-1.12343696694229,0.180951908870525,-2.14785797498838,1.67862685962286,-0.415644150792644,-0.639651178635706,-0.858829691278213,0.176057979582526,-1.03645481361263,0.101513541929655
"168",-0.429018613769378,0.498828208748713,-0.776420106129201,-0.25240023455291,-1.09733968685915,-0.955489897039887,0.294084261350287,2.14270706874031,-0.301256132434007,-0.464050319208097,0.302976805291681,0.150418306363836,-0.00218391541339317,-0.563447624538283
"169",-0.410826957779336,0.498828208748713,-0.776420106129201,-0.25240023455291,-1.09733968685915,-0.22390548448506,-1.18458818452582,2.19348634765832,-0.301256132434007,-0.464050319208097,0.302976805291681,0.354727233948802,-0.47475091951537,0.16691955830355
"170",-0.434688969943022,0.498828208748713,-0.776420106129201,-0.25240023455291,-1.09733968685915,0.237773999166046,-0.679849032327724,2.07789534495232,-0.301256132434007,-0.464050319208097,0.302976805291681,0.176057979582526,-0.42381555380378,0.188721563761515
"171",-0.43110640382132,0.498828208748713,-0.776420106129201,-0.25240023455291,-1.09733968685915,0.64263139252163,-1.80307137102207,2.07789534495232,-0.301256132434007,-0.464050319208097,0.302976805291681,0.395843106317511,-0.842617449654634,0.374038610154219
"172",-0.437965508206948,0.498828208748713,-0.776420106129201,-0.25240023455291,-1.09733968685915,0.314483821064999,-1.96302391925386,1.86094769009189,-0.301256132434007,-0.464050319208097,0.302976805291681,0.425178588288444,-0.935998953459216,0.177820561032533
"173",-0.427929154595694,0.498828208748713,-0.776420106129201,-0.25240023455291,-1.09733968685915,0.244876760452986,-2.10875846319838,1.86094769009189,-0.301256132434007,-0.464050319208097,0.302976805291681,0.203314569130322,-1.26283421677525,0.221424571948463
"174",-0.406867637361615,0.498828208748713,-0.776420106129201,-0.25240023455291,-1.09733968685915,2.83170242115656,-2.12653096855747,2.62314163806595,-0.301256132434007,-0.464050319208097,0.302976805291681,0.432339217745916,-1.26990857312409,2.18360506316533
"175",-0.383586398065798,0.41062441556495,-1.04649252008699,-0.25240023455291,0.78166447912678,1.33159923735482,0.482472818156617,-0.806529222135731,-0.53003216915128,-0.850372209948838,-2.53183104633886,0.384986668107796,-0.413911454915415,1.2025148175569
"176",-0.384401112229389,0.41062441556495,-1.04649252008699,-0.25240023455291,0.78166447912678,1.78191430294682,0.752614899614752,-0.792547253686141,-0.53003216915128,-0.850372209948838,-2.53183104633886,0.333822815693924,-0.743576460770986,2.21630807135228
"177",-0.38630256531904,0.41062441556495,-1.04649252008699,-0.25240023455291,0.78166447912678,3.0291591849335,0.827259422122921,-0.717488816557834,-0.53003216915128,-0.850372209948838,-2.53183104633886,0.316383218144274,-0.93458408218945,2.83766522690429
"178",-0.344802467556933,0.41062441556495,-1.04649252008699,-0.25240023455291,0.78166447912678,1.50774771727093,0.933894454277447,-0.823337870127477,-0.53003216915128,-0.850372209948838,-2.53183104633886,0.392147297565268,-0.179042824134193,0.897286741145384
"179",-0.382231714748707,0.41062441556495,-1.04649252008699,-0.25240023455291,0.78166447912678,1.33586089412698,0.830813923194738,-0.898396307255783,-0.53003216915128,-0.850372209948838,-2.53183104633886,0.328279102565558,-0.624727274110609,1.49684189123943
"180",-0.353458295498663,0.41062441556495,-1.04649252008699,-0.25240023455291,0.78166447912678,-1.00236812153369,-0.192882385488719,-0.869927606152646,-0.53003216915128,-0.850372209948838,-2.53183104633886,0.380366907167491,-0.292232525715505,0.00340451736881141
"181",-0.350183117358549,0.41062441556495,-1.04649252008699,-0.25240023455291,0.78166447912678,1.06311486070848,0.581998848167509,-0.79603012669344,-0.53003216915128,-0.850372209948838,-2.53183104633886,0.28416038558565,0.321821605363112,0.864583732958436
"182",-0.383533353237117,0.41062441556495,-1.04649252008699,-0.25240023455291,0.155329757131469,1.71088669007742,-0.55544149481411,-0.422958903549316,-0.53003216915128,-0.850372209948838,-2.53183104633886,0.356113162230893,-1.32367368137521,2.25991208226821
"183",-0.434999078172236,0.41062441556495,-0.619235103296622,-0.25240023455291,-0.810269605944633,-0.0363925865098408,-1.84572538388388,0.36295896201069,-0.758808205868553,-1.09036005116657,0.0706155059777027,0.432339217745916,-0.838372835845335,0.265028582864394
"184",-0.441461026404661,0.41062441556495,-0.619235103296622,-0.25240023455291,-0.810269605944633,0.386931986191788,-0.338616929433238,0.104772071687027,-0.758808205868553,-1.09036005116657,0.0706155059777027,0.40993337718544,-0.677077511091965,0.177820561032533
"185",-0.426869618145882,0.41062441556495,-0.619235103296622,3.95006367075304,-0.810269605944633,2.02482873896017,-0.58387750338865,0.331411199263419,-0.758808205868553,-1.09036005116657,0.0706155059777027,0.36154138133575,-0.839787707115101,1.35512885576265
"186",-0.449371506497229,1.29266234740258,-0.697827604712911,3.95006367075304,-0.958154193082415,0.699453482817151,-1.25567820596217,0.185584820740436,-0.644420187509917,-0.908905829758041,-0.394107092650255,0.432339217745916,-1.27132344439385,1.04990077935114
"187",-0.428433760530072,0.41062441556495,-1.13794561264413,-0.25240023455291,-0.993820475862703,0.776163304716104,-1.28055971346489,0.197244873851826,-0.53003216915128,-1.13133358503301,-1.64885810894574,0.432339217745916,-1.08456043678469,1.34422785303367
"188",-0.452008786569355,0.41062441556495,-1.13794561264413,-0.25240023455291,-0.993820475862703,0.997769456868634,-1.10283465987401,0.774695123177868,-0.53003216915128,-1.13133358503301,-1.64885810894574,0.378403508767862,-1.12134708979861,1.37693086122062
"189",-0.448711846448244,0.41062441556495,-1.13794561264413,3.95006367075304,-0.993820475862703,1.95948333512032,-0.658522025896819,0.7581388572881,-0.53003216915128,-1.13133358503301,-1.64885810894574,0.203314569130322,-1.34489675042171,2.53243715049277
"190",-0.455006499451752,3.49775717699665,-1.44088398173965,3.95006367075304,-1.35831248769053,2.35439686267419,-1.54359279277939,1.09789564297111,-0.987584242585827,-1.23669410068958,-2.25299748716209,0.416401042501866,-1.32367368137521,2.96847725965208
"191",-0.455815773120094,3.49775717699665,-1.18938797720752,-0.25240023455291,-1.36701158105158,1.1682357277552,-1.68577283565209,1.81582177025819,-0.987584242585827,-0.727451608349511,-1.46296906949456,0.407161520621258,-0.660099055854769,1.02809877389318
"192",-0.455557349595749,1.9541907962808,-1.2922727063343,-0.25240023455291,-1.46270160802308,0.266185044313807,-1.29122321668034,1.81582177025819,-0.987584242585827,-0.639651178635706,-1.46296906949456,0.407161520621258,-0.606333947603645,-0.0838035044630494
"193",-0.454375402002826,3.05673821107784,-1.36229148032336,-0.25240023455291,-1.49749798146727,-0.0505981090837207,-1.30544122096761,2.71526110528798,-0.987584242585827,-0.984999535510005,-0.115273533473481,-0.206342732251177,0.0586555491865619,-0.290922556313719
"194",-0.450805076995434,1.8439360548011,-0.853583652974285,-0.25240023455291,-1.32351611424635,0.0701488327942606,-0.804256569841339,1.82081893587736,-0.415644150792644,-0.680624712502149,-0.858829691278213,0.432339217745916,-0.695470837598929,-0.0511004962761016
"195",-0.45228489170326,3.05673821107784,-0.906454972108879,-0.25240023455291,-1.27132155408007,0.845770365328116,-1.43340325955305,0.710085305071458,-0.644420187509917,-0.961586087586324,0.349449065154476,0.432339217745916,-1.29962086978918,0.624761672920819
"196",-0.452131197712466,3.05673821107784,-0.906454972108879,-0.25240023455291,-1.27132155408007,0.517622793871485,-1.59335580778484,0.710085305071458,-0.644420187509917,-0.961586087586324,0.349449065154476,0.432339217745916,-1.10578350583118,0.559355656546924
"197",-0.445806621985086,-0.471413516272679,0.375317278262239,-0.25240023455291,-1.04514512669287,-0.196914991594687,-1.77108086137571,0.904924287798601,-0.644420187509917,-0.70403816042583,-1.13766325045499,0.432339217745916,-0.556813453161822,0.12331554738762
"198",-0.449741460174185,-0.471413516272679,0.375317278262239,-0.25240023455291,-1.04514512669287,0.402558061023056,-0.612313511963191,1.13595486394941,-0.644420187509917,-0.70403816042583,-1.13766325045499,0.385564138225334,-0.725183134264023,0.472147634715063
"199",-0.437866219168648,-0.471413516272679,0.375317278262239,-0.25240023455291,-1.04514512669287,-0.675641102334448,-0.363498436935961,1.31746807169211,-0.644420187509917,-0.70403816042583,-1.13766325045499,0.432339217745916,0.470383088688584,-0.269120550855753
"200",-0.452237287369828,1.02805096785129,-0.74355415099148,-0.25240023455291,-1.07994150013706,0.460800703575964,-0.989090625575852,0.899371881555081,-0.301256132434007,-0.469903681189017,-1.09119099059219,0.419057405042541,-0.426645296343313,-0.0838035044630494
"201",-0.444445138048934,1.02805096785129,-0.74355415099148,-0.25240023455291,-1.07994150013706,0.325848239124103,-1.77108086137571,0.899371881555081,-0.301256132434007,-0.469903681189017,-1.09119099059219,0.278847660504301,-0.544079611733924,0.395840615612185
"202",-0.443446807170677,1.02805096785129,-0.74355415099148,-0.25240023455291,-1.07994150013706,1.01765718847207,-1.79596236887844,0.899371881555081,-0.301256132434007,-0.469903681189017,-1.09119099059219,0.357614584536492,-1.08314556551492,1.12620779845402
"203",-0.44954696246902,0.983949071259409,-1.30227538833274,-0.25240023455291,-0.740676859056266,1.37847746184862,-0.964209118073129,0.157519931000464,-0.301256132434007,-1.09621341314749,-0.0223290137478902,0.395150142176466,-0.790267212673277,1.4532378803235
"204",-0.449595926926265,0.983949071259409,-1.30227538833274,-0.25240023455291,-0.740676859056266,0.497735062268052,-0.359943935864144,-0.171586329979064,-0.301256132434007,-1.09621341314749,-0.0223290137478902,0.391454333424222,-0.507292958719998,0.613860670191836
"205",-0.446843036330089,0.983949071259409,-1.30227538833274,-0.25240023455291,-0.740676859056266,1.63985907720802,0.130577212046679,-0.308276476410438,-0.301256132434007,-1.09621341314749,-0.0223290137478902,0.432339217745916,-0.855351291082532,1.15891080664097
"206",-0.389996661593354,-0.471413516272679,-0.199122459362275,-0.25240023455291,-0.114342137060955,0.524725555158425,0.50735432565934,-0.198086450686771,-0.644420187509917,-0.616237730712025,-0.0223290137478902,0.432339217745916,-1.12842144614745,0.00340451736881141
"207",-0.409525319290927,-0.471413516272679,-0.199122459362275,-0.25240023455291,-0.114342137060955,-0.417100591489829,0.301193263493922,-0.306610754537382,-0.644420187509917,-0.616237730712025,-0.0223290137478902,0.424716612194414,-0.360146346664292,-0.269120550855753
"208",-0.0985901347995891,-0.471413516272679,-0.199122459362275,-0.25240023455291,-0.114342137060955,-1.83623229662046,-1.08150765344311,-0.600938761864318,-0.644420187509917,-0.616237730712025,-0.0223290137478902,-0.104130521446941,0.0176242823633365,-0.726962665473022
"209",-0.349542499042937,-0.471413516272679,-0.199122459362275,-0.25240023455291,-0.114342137060955,-0.204017752881627,-0.548332492670475,-0.539912769605998,-0.644420187509917,-0.616237730712025,-0.0223290137478902,0.432339217745916,-0.924679983301085,-0.0729025017340667
"210",-0.421454965248958,-0.471413516272679,-0.199122459362275,-0.25240023455291,-0.114342137060955,-0.344652426363041,0.788159910332928,-0.442139943299657,-0.644420187509917,-0.616237730712025,-0.0223290137478902,0.42540957633546,-0.112543874455172,-0.367229575416597
"211",-0.42256074590839,-0.471413516272679,-0.199122459362275,-0.25240023455291,-0.114342137060955,-0.796388044212429,0.336738274212098,0.118653087295826,-0.644420187509917,-0.616237730712025,-0.0223290137478902,0.426795504617551,-0.143671042390033,-0.71606166274404
"212",-0.41375938471874,-0.471413516272679,-0.199122459362275,-0.25240023455291,-0.114342137060955,-0.499492622418335,0.532235833162063,0.145708448627885,-0.644420187509917,-0.616237730712025,-0.0223290137478902,0.360732923171197,0.822686034860417,-0.541645619080318
"213",-0.423695089167881,-0.471413516272679,-0.199122459362275,-0.25240023455291,-0.114342137060955,-0.687005520393552,0.123468209903044,0.16241614377884,-0.644420187509917,-0.616237730712025,-0.0223290137478902,0.432339217745916,0.484531801386248,-0.323625564500666
"214",-0.402368347790396,-0.471413516272679,-0.199122459362275,-0.25240023455291,-0.114342137060955,0.165325834039257,-0.036484338328746,-0.08956214683616,-0.644420187509917,-0.616237730712025,-0.0223290137478902,0.41282072777313,-0.304966367143403,0.0361075255557593
"215",-0.434252370199261,-0.471413516272679,-0.559219011306001,-0.25240023455291,-0.5579958984743,0.22783013336433,-0.566104998029562,0.419189694331425,-0.53003216915128,-0.71574488438767,0.53533810460566,0.432339217745916,-0.752065688389585,0.112414544658637
"216",-0.410655582178981,-0.471413516272679,-0.559219011306001,-0.25240023455291,-0.5579958984743,0.212204058533062,-0.999754128791304,0.510400585986334,-0.53003216915128,-0.71574488438767,0.53533810460566,0.432339217745916,-0.904871785524356,0.243226577406428
"217",-0.430952709830525,-0.471413516272679,-0.559219011306001,-0.25240023455291,-0.5579958984743,0.23493289465127,-1.90259740103296,0.861110754895192,-0.53003216915128,-0.71574488438767,0.53533810460566,0.395150142176466,-1.05201839758006,0.199622566490498
"218",-0.424264981045251,-0.471413516272679,-0.559219011306001,-0.25240023455291,-0.5579958984743,-0.259419290919759,-0.871792090205872,0.861110754895192,-0.53003216915128,-0.71574488438767,0.53533810460566,0.432339217745916,0.0388473514098323,-0.0620014990050843
"219",-0.448048106027822,-0.471413516272679,-1.15080620378498,-0.25240023455291,-0.845065979388817,-0.564838026258182,-1.50804778206122,0.759501720638782,-0.644420187509917,0.121285878883935,-0.719412911689827,0.26533485975391,-0.360146346664292,-0.378130578145579
"220",-0.450867642690802,-0.471413516272679,-1.15080620378498,-0.25240023455291,-0.845065979388817,-0.17276560321909,-1.28055971346489,1.092141331046,-0.644420187509917,0.121285878883935,-0.719412911689827,0.105144649148852,-0.484655018403735,-0.323625564500666
"221",-0.450134535955951,-0.471413516272679,-0.872160062399953,-0.25240023455291,-0.366615844531289,0.0715693850516479,-1.07084415022766,1.38732743751967,-0.53003216915128,-1.08450668918565,0.814171663782434,0.349299014843943,-0.967126121394077,-0.0620014990050843
"222",-0.451963902483548,-0.471413516272679,-0.872160062399953,-0.25240023455291,-0.366615844531289,0.0630460715073194,-1.05662614594039,1.38732743751967,-0.53003216915128,-1.08450668918565,0.814171663782434,0.345718700115207,-0.815734895529073,-0.225516539939823
